zone,state,city,name,type,establishment_year,time_needed_to_visit_in_hrs,google_review_rating,entrance_fee_in_inr,airport_with_50km_radius,weekly_off,significance,dslr_allowed,number_of_google_review_in_lakhs,best_time_to_visit,score,features,uniq_id
Northern,Delhi,Delhi,India Gate,War Memorial,1921,0.5,4.6,0,Yes,Monday,Historical,Yes,2.6,Evening,13.1,War Memorial Historical Evening,1
Northern,Delhi,Delhi,Humayun's Tomb,Tomb,1572,2.0,4.5,30,Yes,Monday,Historical,Yes,0.4,Afternoon,9.6,Tomb Historical Afternoon,2
Northern,Delhi,Delhi,Akshardham Temple,Temple,2005,5.0,4.6,60,Yes,Monday,Religious,No,0.4,Afternoon,9.799999999999999,Temple Religious Afternoon,3
Northern,Delhi,Delhi,Waste to Wonder Park,Theme Park,2019,2.0,4.1,50,Yes,Monday,Environmental,Yes,0.27,Evening,8.604999999999999,Theme Park Environmental Evening,4
Northern,Delhi,Delhi,Jantar Mantar,Observatory,1724,2.0,4.2,15,Yes,Monday,Scientific,Yes,0.31,Morning,8.865,Observatory Scientific Morning,5
Northern,Delhi,Delhi,Chandni Chowk,Market,1700,3.0,4.2,0,Yes,Sunday,Market,Yes,0.25,Afternoon,8.775,Market Market Afternoon,6
Northern,Delhi,Delhi,Lotus Temple,Temple,1986,1.0,4.5,0,Yes,Monday,Religious,Yes,0.59,Evening,9.885,Temple Religious Evening,7
Northern,Delhi,Delhi,Red Fort,Fort,1648,2.0,4.5,35,Yes,Monday,Historical,Yes,1.5,Afternoon,11.25,Fort Historical Afternoon,8
Northern,Delhi,Delhi,Agrasen ki Baoli,Stepwell,1400,1.0,4.2,0,Yes,Monday,Historical,Yes,0.41,Afternoon,9.015,Stepwell Historical Afternoon,9
Northern,Delhi,Delhi,Sunder Nursery,Park,1600,2.0,4.6,0,Yes,Monday,Botanical,Yes,0.16,Afternoon,9.44,Park Botanical Afternoon,10
Northern,Delhi,Delhi,Garden of Five Senses,Park,2003,2.0,4.1,35,Yes,Monday,Botanical,Yes,0.23,Morning,8.545,Park Botanical Morning,11
Northern,Delhi,Delhi,Lodhi Garden,Park,1500,1.0,4.5,0,Yes,Monday,Botanical,Yes,0.48,All,9.72,Park Botanical All,12
Northern,Delhi,Delhi,National Gallery of Modern Art,Museum,1954,3.0,4.5,20,Yes,Monday,Artistic,Yes,0.08,All,9.12,Museum Artistic All,13
Northern,Delhi,Delhi,National Zoological Park ,Zoo,1959,3.0,4.1,80,Yes,Friday,Environmental,Yes,0.41,All,8.815,Zoo Environmental All,14
Northern,Delhi,Delhi,Qutub Minar,Monument,1192,1.0,4.5,35,Yes,Monday,Historical,Yes,1.37,Afternoon,11.055,Monument Historical Afternoon,15
Northern,Delhi,Delhi,National Science Centre,Science,1992,5.0,4.4,70,Yes,Monday,Scientific,Yes,0.23,All,9.145000000000001,Science Scientific All,16
Western,Maharastra,Mumbai,Marine Drive,Promenade,Unknown,2.0,4.5,0,Yes,Monday,Scenic,Yes,1.5,Evening,11.25,Promenade Scenic Evening,17
Western,Maharastra,Mumbai,Gateway of India,Monument,1924,1.0,4.6,0,Yes,Monday,Historical,Yes,3.6,All,14.6,Monument Historical All,18
Western,Maharastra,Mumbai,Chhatrapati Shivaji Maharaj Vastu Sangrahalaya,Museum,1922,1.0,4.6,500,Yes,Monday,Historical,Yes,0.34,All,9.709999999999999,Museum Historical All,19
Western,Maharastra,Mumbai,Sanjay Gandhi National Park,National Park,1996,3.0,4.3,50,Yes,Monday,Wildlife,Yes,0.6,All,9.5,National Park Wildlife All,20
Western,Maharastra,Mumbai,Siddhivinayak Temple,Temple,1881,2.0,4.8,0,Yes,Monday,Religious,No,1.05,All,11.175,Temple Religious All,21
Western,Maharastra,Mumbai,Mahalaxmi Temple,Temple,1831,1.0,4.7,0,Yes,Monday,Religious,No,0.33,All,9.895,Temple Religious All,22
Western,Maharastra,Mumbai,Haji Ali Dargah,Religious Shrine,1431,2.0,4.4,0,Yes,Monday,Religious,No,0.16,All,9.040000000000001,Religious Shrine Religious All,23
Western,Maharastra,Mumbai,Chowpatty Beach,Beach,Unknown,2.0,4.3,0,Yes,Monday,Recreational,Yes,0.05,Evening,8.674999999999999,Beach Recreational Evening,24
Western,Maharastra,Mumbai,Essel World,Amusement Park,1986,5.0,4.3,1149,Yes,Monday,Recreational,Yes,0.27,All,9.004999999999999,Amusement Park Recreational All,25
Western,Maharastra,Mumbai,Elephanta Caves,Monument,1987,4.0,4.3,550,Yes,Monday,Historical,Yes,0.35,All ,9.125,Monument Historical All ,26
Western,Maharastra,Lonavala,Imagicaa,Amusement Park,2013,5.0,1.4,1149,No,Monday,Recreational,Yes,0.95,All,4.225,Amusement Park Recreational All,27
Southern,Karnataka,Bangalore,Bangalore Palace,Palace,1878,2.0,4.2,500,Yes,Monday,Historical,Yes,0.9,Morning,9.75,Palace Historical Morning,28
Southern,Karnataka,Bangalore,Lalbagh Botanical Garden,Botanical Garden,1760,1.5,4.4,20,Yes,Monday,Nature,Yes,1.5,Evening,11.05,Botanical Garden Nature Evening,29
Southern,Karnataka,Bangalore,Cubbon Park,Park,1870,1.0,4.4,0,Yes,Monday,Nature,Yes,1.32,Morning,10.780000000000001,Park Nature Morning,30
Southern,Karnataka,Bangalore,Vidhana Soudha,Government Building,1956,0.5,4.6,0,Yes,Monday,Architectural,No,0.8,Morning,10.399999999999999,Government Building Architectural Morning,31
Southern,Karnataka,Bangalore,ISKCON Temple Bangalore,Temple,1997,1.0,4.6,0,Yes,Monday,Religious,Yes,1.14,Evening,10.91,Temple Religious Evening,32
Southern,Telangana,Hyderabad,Charminar,Landmark,1591,1.0,4.5,25,Yes,Friday,Historical,Yes,2.1,Morning,12.15,Landmark Historical Morning,33
Southern,Telangana,Hyderabad,Golconda Fort,Fort,1600,2.0,4.4,30,Yes,Monday,Historical,Yes,1.2,Morning,10.600000000000001,Fort Historical Morning,34
Southern,Telangana,Hyderabad,Hussain Sagar Lake,Lake,1563,1.0,4.3,0,Yes,Monday,Scenic,Yes,0.5,Evening,9.35,Lake Scenic Evening,35
Southern,Telangana,Hyderabad,Ramoji Film City,Film Studio,1996,4.0,4.4,1150,Yes,Monday,Entertainment,Yes,0.45,All,9.475000000000001,Film Studio Entertainment All,36
Southern,Telangana,Hyderabad,Salar Jung Museum,Museum,1951,2.0,4.4,20,Yes,Monday,Historical,Yes,0.67,All,9.805000000000001,Museum Historical All,37
Southern,Telangana,Hyderabad,Qutb Shahi Tombs,Tombs,1600,1.0,4.4,25,Yes,Monday,Historical,Yes,0.2,Morning,9.100000000000001,Tombs Historical Morning,38
Southern,Telangana,Hyderabad,Birla Mandir,Temple,1976,1.0,4.7,0,Yes,Monday,Religious,No,0.41,All,10.015,Temple Religious All,39
Southern,Telangana,Hyderabad,Chowmahalla Palace,Palace,1800,1.5,4.4,80,Yes,Monday,Historical,Yes,0.45,Morning,9.475000000000001,Palace Historical Morning,40
Southern,Telangana,Hyderabad,Nehru Zoological Park,Zoo,1963,3.0,4.2,50,Yes,Monday,Wildlife,Yes,0.86,Morning,9.690000000000001,Zoo Wildlife Morning,41
Southern,Telangana,Hyderabad,Lumbini Park,Park,1994,1.0,4.1,20,Yes,Monday,Recreational,Yes,0.73,Evening,9.295,Park Recreational Evening,42
Eastern,West Bengal,Kolkata,Victoria Memorial,Museum,1921,1.5,4.6,30,Yes,Monday,Historical,Yes,0.73,Morning,10.295,Museum Historical Morning,43
Eastern,West Bengal,Kolkata,Howrah Bridge,Bridge,1943,0.5,4.6,0,Yes,Monday,Architectural,No,1.2,Anytime,11.0,Bridge Architectural Anytime,44
Eastern,West Bengal,Kolkata,Indian Museum,Museum,1814,2.0,4.6,50,Yes,Monday,Historical,Yes,0.18,Morning,9.469999999999999,Museum Historical Morning,45
Eastern,West Bengal,Kolkata,Dakshineswar Kali Temple,Temple,1855,1.0,4.7,0,Yes,Monday,Religious,Yes,0.82,Morning,10.63,Temple Religious Morning,46
Eastern,West Bengal,Kolkata,Kalighat Kali Temple,Temple,1809,1.0,4.4,0,Yes,Monday,Religious,Yes,0.5,Morning,9.55,Temple Religious Morning,47
Eastern,West Bengal,Kolkata,Eden Gardens,Cricket Ground,1864,3.0,4.1,2500,Yes,Monday,Sports,Yes,0.1,All,8.35,Cricket Ground Sports All,48
Eastern,West Bengal,Kolkata,Alipore Zoological Gardens,Zoo,1876,2.0,4.3,25,Yes,Monday,Wildlife,Yes,0.66,Afternoon,9.59,Zoo Wildlife Afternoon,49
Eastern,West Bengal,Kolkata,Science City Kolkata,Science,1997,3.0,4.4,60,Yes,Monday,Educational,Yes,0.88,All,10.120000000000001,Science Educational All,50
Eastern,West Bengal,Kolkata,Belur Math,Site,1898,1.5,4.7,0,Yes,Monday,Religious,Yes,0.47,Morning,10.105,Site Religious Morning,51
Eastern,West Bengal,Kolkata,Marble Palace,Palace,1835,1.0,4.4,0,Yes,Monday,Historical,Yes,0.1,Afternoon,8.950000000000001,Palace Historical Afternoon,52
Southern,Goa,Goa,Calangute Beach,Beach,Unknown,2.0,4.4,0,Yes,Monday,Scenic,Yes,0.26,Evening,9.190000000000001,Beach Scenic Evening,53
Southern,Goa,Goa,Basilica of Bom Jesus,Church,1605,1.0,4.5,0,Yes,Monday,Historical,Yes,0.59,Afternoon,9.885,Church Historical Afternoon,54
Southern,Goa,Goa,Fort Aguada,Fort,1612,1.5,4.2,0,Yes,Monday,Historical,Yes,0.95,Morning,9.825,Fort Historical Morning,55
Southern,Goa,Goa,Dudhsagar Falls,Waterfall,Unknown,3.0,4.6,500,Yes,Monday,Nature,Yes,0.3,Afternoon,9.649999999999999,Waterfall Nature Afternoon,56
Southern,Goa,Goa,Anjuna Beach,Beach,Unknown,2.0,4.4,0,Yes,Monday,Scenic,Yes,0.18,Evening,9.07,Beach Scenic Evening,57
Southern,Goa,Goa,Chapora Fort,Fort,1617,1.0,4.2,0,Yes,Monday,Historical,Yes,0.19,Evening,8.685,Fort Historical Evening,58
Southern,Goa,Goa,Se Cathedral,Church,1640,1.0,4.5,0,Yes,Monday,Historical,Yes,0.05,Afternoon,9.075,Church Historical Afternoon,59
Southern,Goa,Goa,Baga Beach,Beach,Unknown,2.0,4.5,0,Yes,Monday,Scenic,Yes,0.35,Evening,9.525,Beach Scenic Evening,60
Southern,Goa,Goa,Arambol Beach,Beach,Unknown,2.0,4.6,0,Yes,Monday,Scenic,Yes,0.1,Evening,9.35,Beach Scenic Evening,61
Southern,Goa,Goa,Palolem Beach,Beach,Unknown,2.0,4.6,0,Yes,Monday,Scenic,Yes,0.27,Evening,9.604999999999999,Beach Scenic Evening,62
Southern,Goa,Goa,Colva Beach,Beach,Unknown,2.0,4.3,0,Yes,Monday,Scenic,Yes,0.1,Evening,8.75,Beach Scenic Evening,63
Southern,Goa,Goa,Miramar Beach,Beach,Unknown,1.5,4.2,0,Yes,Monday,Scenic,Yes,0.3,Evening,8.85,Beach Scenic Evening,64
Southern,Goa,Goa,Aguada Beach,Beach,Unknown,2.0,4.5,0,Yes,Monday,Scenic,Yes,0.01,Evening,9.015,Beach Scenic Evening,65
Southern,Goa,Goa,Dr. Salim Ali Bird Santuary,Bird Sanctuary,1988,2.0,3.9,10,Yes,Monday,Wildlife,Yes,0.03,Afternoon,7.845,Bird Sanctuary Wildlife Afternoon,66
Western,Gujarat,Ahmedabad,Sabarmati Ashram,Historical,1915,1.5,4.6,0,Yes,Monday,Historical,Yes,0.35,Morning,9.725,Historical Historical Morning,67
Western,Gujarat,Dwarka,Dwarkadhish Temple,Temple,-400,2.0,4.7,0,No,Monday,Religious,No,0.59,Evening,10.285,Temple Religious Evening,68
Western,Gujarat,Junagadh,Gir National Park,National Park,1965,3.0,4.5,3500,No,Monday,Wildlife,Yes,0.08,Morning,9.12,National Park Wildlife Morning,69
Western,Gujarat,Bhuj,White Desert,Site,1950,2.5,4.6,0,Yes,Monday,Nature,Yes,0.12,Evening,9.379999999999999,Site Nature Evening,70
Western,Gujarat,Vadodara,Laxmi Vilas Palace,Palace,1890,2.0,4.4,200,Yes,Monday,Historical,Yes,0.17,Afternoon,9.055000000000001,Palace Historical Afternoon,71
Western,Gujarat,Somnath,Somnath Temple,Temple,1951,2.0,4.8,0,No,Monday,Religious,No,0.39,Morning,10.184999999999999,Temple Religious Morning,72
Western,Gujarat,Rann of Kutch,Rann Utsav,Cultural,Unknown,3.0,4.9,7500,Yes,Monday,Cultural,Yes,0.1,Evening,9.950000000000001,Cultural Cultural Evening,73
Western,Gujarat,Kevadia,Statue of Unity,Monument,2018,3.0,4.6,350,No,Monday,Historical,Yes,0.67,All,10.205,Monument Historical All,74
Western,Gujarat,Gandhinagar,Dandi Kutir,Museum,2013,1.5,4.5,0,No,Monday,Historical,Yes,0.05,All,9.075,Museum Historical All,75
Western,Gujarat,Ahmedabad,Sabarmati Riverfront,Urban Development Project,2012,1.0,4.6,0,Yes,Monday,Recreational,Yes,0.1,Evening,9.35,Urban Development Project Recreational Evening,76
Western,Gujarat,Ahmedabad,Manek Chowk,Market,Unknown,2.0,4.4,0,Yes,Monday,Food,Yes,0.49,Night,9.535,Market Food Night,77
Western,Gujarat,Ahmedabad,Kankaria Lake,Lake,1451,3.0,4.5,10,Yes,Monday,Recreational,Yes,0.3,Afternoon,9.45,Lake Recreational Afternoon,78
Western,Gujarat,Ahmedabad,Science City,Science,2002,7.0,4.4,500,Yes,Monday,Educational,Yes,0.11,All,8.965,Science Educational All,79
Northern,Rajasthan,Jaipur,Hawa Mahal,Palace,1799,1.0,4.4,50,Yes,Monday,Architectural,Yes,1.3,Morning,10.75,Palace Architectural Morning,80
Northern,Rajasthan,Udaipur,City Palace,Palace,1559,2.0,4.4,300,Yes,Monday,Historical,Yes,0.51,All,9.565000000000001,Palace Historical All,81
Northern,Rajasthan,Jaisalmer,Jaisalmer Fort,Fort,1156,2.5,4.4,50,No,Monday,Historical,Yes,0.56,All,9.64,Fort Historical All,82
Northern,Rajasthan,Sawai Madhopur,Ranthambore National Park,Wildlife Sanctuary,1980,3.0,4.6,500,No,Monday,Wildlife,Yes,0.09,All,9.334999999999999,Wildlife Sanctuary Wildlife All,83
Northern,Rajasthan,Pushkar,Pushkar Lake,Temple,1400,1.5,4.4,0,No,Monday,Religious,Yes,1.6,All,11.200000000000001,Temple Religious All,84
Northern,Rajasthan,Ajmer,Ajmer Sharif Dargah,Shrine,1236,1.0,4.6,0,Yes,Monday,Religious,No,0.35,All,9.725,Shrine Religious All,85
Northern,Rajasthan,Jodhpur,Mehrangarh Fort,Fort,1459,2.0,4.6,100,Yes,Monday,Historical,Yes,0.64,All,10.16,Fort Historical All,86
Northern,Rajasthan,Chittorgarh,Chittorgarh Fort,Fort,700,2.0,4.6,40,No,Monday,Historical,Yes,1.9,All,12.049999999999999,Fort Historical All,87
Northern,Rajasthan,Mount Abu,Dilwara Temples,Temple,1100,1.0,4.6,0,No,Monday,Religious,No,0.05,All,9.274999999999999,Temple Religious All,88
Northern,Rajasthan,Bikaner,Junagarh Fort,Fort,1589,2.0,4.5,50,Yes,Monday,Historical,Yes,0.32,All,9.48,Fort Historical All,89
Northern,Rajasthan,Jaipur,Amber Fort,Fort,1592,2.0,4.6,100,Yes,Monday,Historical,Yes,1.5,All,11.45,Fort Historical All,90
Northern,Rajasthan,Jaipur,Jaigarh Fort,Fort,1726,1.5,4.5,35,Yes,Monday,Historical,Yes,0.3,All,9.45,Fort Historical All,91
Northern,Rajasthan,Udaipur,Lake Pichola,Lake,1362,1.0,4.6,0,Yes,Monday,Nature,Yes,0.5,All,9.95,Lake Nature All,92
Northern,Punjab,Amritsar,Golden Temple (Harmandir Sahib),Religious Site,1604,1.5,4.9,0,Yes,Monday,Spiritual,Yes,1.9,All,12.65,Religious Site Spiritual All,93
Northern,Punjab,Amritsar,Jallianwala Bagh,Memorial,1951,1.0,4.8,0,Yes,Monday,Historical,Yes,0.3,Afternoon,10.049999999999999,Memorial Historical Afternoon,94
Northern,Punjab,Amritsar,Wagah Border,Border Crossing,1950,2.0,4.8,0,Yes,Monday,Cultural,Yes,0.17,Evening,9.855,Border Crossing Cultural Evening,95
Northern,Punjab,Chandigarh,Rock Garden,Sculpture Garden,1976,2.0,4.5,30,Yes,Monday,Artistic,Yes,0.5,All,9.75,Sculpture Garden Artistic All,96
Southern,Kerala,Alappuzha,Alappuzha Beach,Beach,Unknown,1.5,4.5,0,Yes,Monday,Recreational,Yes,0.11,All,9.165,Beach Recreational All,97
Southern,Kerala,Munnar,Munnar Tea Gardens,Scenic Area,Unknown,2.0,4.3,0,No,Monday,Nature,Yes,0.3,All,9.049999999999999,Scenic Area Nature All,98
Southern,Kerala,Kochi,Fort Kochi,Site,1503,1.0,4.4,0,Yes,Monday,Historical,Yes,0.1,All,8.950000000000001,Site Historical All,99
Southern,Kerala,Thiruvananthapuram,Padmanabhaswamy Temple,Temple,Unknown,1.0,4.7,0,Yes,Monday,Religious,No,0.46,All,10.09,Temple Religious All,100
Southern,Kerala,Kozhikode,Kozhikode Beach,Beach,Unknown,1.5,3.9,0,Yes,Monday,Recreational,Yes,0.059,All,7.8885,Beach Recreational All,101
Southern,Kerala,Wayanad,Wayanad Wildlife Sanctuary,Wildlife Sanctuary,Unknown,3.0,4.5,300,No,Monday,Wildlife,Yes,2.2,All,12.3,Wildlife Sanctuary Wildlife All,102
Southern,Kerala,Thekkady,Periyar National Park,National Park,1982,3.0,4.3,50,No,Monday,Wildlife,Yes,0.14,All,8.81,National Park Wildlife All,103
Southern,Kerala,Kumarakom,Kumarakom Bird Sanctuary,Bird Sanctuary,1972,2.0,3.8,50,Yes,Monday,Wildlife,Yes,0.1,All,7.75,Bird Sanctuary Wildlife All,104
Southern,Kerala,Varkala,Varkala Beach,Beach,Unknown,2.0,4.6,0,Yes,Monday,Recreational,Yes,0.1,All,9.35,Beach Recreational All,105
Southern,Kerala,Bekal,Bekal Fort,Fort,1650,1.5,4.5,20,No,Monday,Historical,Yes,0.22,All,9.33,Fort Historical All,106
Southern,Kerala,Kovalam,Kovalam Beach,Beach,Unknown,2.0,4.4,0,Yes,Monday,Recreational,Yes,0.68,All,9.82,Beach Recreational All,107
Southern,Kerala,Kannur,St. Angelo Fort,Fort,1505,1.0,4.4,20,Yes,Monday,Historical,Yes,0.11,All,8.965,Fort Historical All,108
Southern,Kerala,Nelliyampathy,Seethargundu Viewpoint,Viewpoint,Unknown,1.0,4.5,0,No,Monday,Nature,Yes,0.03,Morning,9.045,Viewpoint Nature Morning,109
Southern,Kerala,Kochi,Kerala Folklore Museum,Cultural,2009,1.5,4.4,100,Yes,Monday,Cultural,Yes,0.1,All,8.950000000000001,Cultural Cultural All,110
Southern,Kerala,Kochi,Wonderla Amusement Park,Amusement Park,2016,5.5,4.6,750,Yes,Monday,Entertainment,Yes,0.41,All,9.815,Amusement Park Entertainment All,111
Southern,Karnataka,Mysore,Mysore Palace,Palace,1912,2.0,4.6,50,Yes,Monday,Historical,Yes,2.5,All,12.95,Palace Historical All,112
Southern,Karnataka,Hampi,Hampi Archaeological Ruins,Site,Unknown,3.0,4.7,0,No,Monday,Historical,Yes,0.05,All,9.475,Site Historical All,113
Southern,Karnataka,Coorg,Abbey Falls,Waterfall,Unknown,1.0,4.1,0,No,Monday,Nature,Yes,0.03,Morning,8.245,Waterfall Nature Morning,114
Southern,Karnataka,Gokarna,Om Beach,Beach,Unknown,2.0,4.5,0,No,Monday,Nature,Yes,0.09,All,9.135,Beach Nature All,115
Southern,Karnataka,Chikmagalur,Mullayanagiri,Mountain Peak,Unknown,3.0,4.5,0,No,Monday,Nature,Yes,0.05,All,9.075,Mountain Peak Nature All,116
Southern,Karnataka,Badami,Badami Cave Temples,Cave,600,1.5,4.6,30,No,Monday,Religious,No,0.2,All,9.5,Cave Religious All,117
Southern,Karnataka,Shivamogga,Jog Falls,Waterfall,1900,1.5,4.6,30,No,Monday,Nature,Yes,0.23,Morning,9.545,Waterfall Nature Morning,118
Southern,Karnataka,Mangalore,Panambur Beach,Beach,Unknown,1.5,4.5,0,Yes,Monday,Recreational,Yes,0.1,All,9.15,Beach Recreational All,119
Southern,Karnataka,Murudeshwar,Murudeshwar Temple,Temple,Unknown,1.0,4.7,0,Yes,Monday,Religious,No,0.49,All,10.135,Temple Religious All,120
Southern,Karnataka,Bijapur,Gol Gumbaz,Mausoleum,1656,1.5,4.5,20,No,Monday,Historical,Yes,0.25,All,9.375,Mausoleum Historical All,121
Southern,Karnataka,Bandipur,Bandipur National Park,National Park,1974,3.0,4.4,300,No,Monday,Wildlife,Yes,0.15,Morning,9.025,National Park Wildlife Morning,122
Southern,Karnataka,Halebidu,Halebidu Hoysaleswara Temple,Temple,1121,1.0,4.7,15,No,Monday,Religious,No,0.11,All,9.565,Temple Religious All,123
Western,Maharastra,Pune,Shaniwar Wada,Fort,1732,2.0,4.4,50,Yes,Monday,Historical,Yes,1.2,All,10.600000000000001,Fort Historical All,124
Western,Maharastra,Aurangabad,Ajanta Caves,Cave,200,3.0,4.6,30,Yes,Monday,Historical,Yes,0.21,Afternoon,9.514999999999999,Cave Historical Afternoon,125
Western,Maharastra,Nashik,Sula Vineyards,Vineyard,1999,2.0,4.1,300,Yes,Monday,Recreational,Yes,0.1,Afternoon,8.35,Vineyard Recreational Afternoon,126
Western,Maharastra,Shirdi,Sai Baba Temple,Temple,1922,1.5,4.7,0,Yes,Monday,Religious,No,0.69,All,10.435,Temple Religious All,127
Western,Maharastra,Alibaug,Alibaug Beach,Beach,Unknown,1.5,4.2,0,Yes,Monday,Recreational,Yes,0.05,Evening,8.475,Beach Recreational Evening,128
Western,Maharastra,Ratnagiri,Ganapatipule Temple,Temple,1600,1.0,4.7,0,No,Monday,Religious,No,0.1,All,9.55,Temple Religious All,129
Western,Maharastra,Nagpur,Deekshabhoomi,Monument,2001,1.0,4.5,0,Yes,Monday,Religious,Yes,0.11,Afternoon,9.165,Monument Religious Afternoon,130
Western,Maharastra,Kolhapur,Mahalakshmi Temple,Temple,700,1.0,4.8,0,Yes,Monday,Religious,No,0.9,All,10.95,Temple Religious All,131
Western,Maharastra,Lonavala,Karla Caves,Cave,200,1.5,4.4,25,Yes,Monday,Historical,Yes,0.27,Afternoon,9.205,Cave Historical Afternoon,132
Western,Maharashtra,Tarkarli,Tarkarli Beach,Beach,Unknown,2.0,4.6,0,No,Monday,Recreational,Yes,0.065,Evening,9.2975,Beach Recreational Evening,133
Western,Maharashtra,Satara,Kaas Plateau,Valley,Unknown,2.0,4.4,300,No,Monday,Nature,Yes,0.05,Afternoon,8.875,Valley Nature Afternoon,134
Western,Maharashtra,Matheran,Echo Point,Viewpoint,1828,1.5,4.4,0,Yes,Monday,Nature,Yes,0.02,Morning,8.83,Viewpoint Nature Morning,135
Western,Maharashtra,Ajanta,Ellora Caves,Cave,600,3.0,4.7,30,Yes,Tuesday,Historical,Yes,0.49,Afternoon,10.135,Cave Historical Afternoon,136
Central,Madhya Pradesh,Khajuraho,Khajuraho Group of Monuments,Temples,-850,2.0,4.7,40,No,Monday,Cultural,Yes,0.09,Afternoon,9.535,Temples Cultural Afternoon,137
Central,Madhya Pradesh,Bhopal,Sanchi Stupa,Monument,-300,1.5,4.7,30,Yes,Monday,Historical,Yes,0.01,Afternoon,9.415000000000001,Monument Historical Afternoon,138
Central,Madhya Pradesh,Indore,Rajwada Palace,Palace,1747,1.0,4.4,10,Yes,Monday,Historical,Yes,0.63,Afternoon,9.745000000000001,Palace Historical Afternoon,139
Central,Madhya Pradesh,Gwalior,Gwalior Fort,Fort,900,2.5,4.5,75,Yes,Monday,Historical,Yes,0.4,Morning,9.6,Fort Historical Morning,140
Central,Madhya Pradesh,Ujjain,Mahakaleshwar Jyotirlinga,Temple,-3500,1.5,4.8,0,Yes,Monday,Religious,No,1.2,All,11.399999999999999,Temple Religious All,141
Central,Madhya Pradesh,Jabalpur,Dhuandhar Falls,Waterfall,Unknown,1.0,4.5,0,No,Monday,Nature,Yes,0.01,Morning,9.015,Waterfall Nature Morning,142
Central,Madhya Pradesh,Pachmarhi,Bee Falls,Waterfall,Unknown,1.5,4.6,15,No,Monday,Nature,Yes,0.065,Morning,9.2975,Waterfall Nature Morning,143
Central,Madhya Pradesh,Kanha,Kanha National Park,Wildlife Sanctuary,1955,3.0,4.5,100,No,Monday,Wildlife,Yes,0.1,Morning,9.15,Wildlife Sanctuary Wildlife Morning,144
Central,Madhya Pradesh,Bandhavgarh,Bandhavgarh National Park,National Park,1968,3.0,4.5,50,No,Monday,Wildlife,Yes,0.05,Morning,9.075,National Park Wildlife Morning,145
Central,Madhya Pradesh,Orchha,Orchha Fort,Fort,1500,1.5,4.8,10,No,Monday,Historical,Yes,0.1,Afternoon,9.75,Fort Historical Afternoon,146
Central,Madhya Pradesh,Mandu,Jahaz Mahal,Site,1500,1.0,3.9,50,No,Monday,Historical,Yes,0.03,Afternoon,7.845,Site Historical Afternoon,147
Central,Madhya Pradesh,Bhimbetka,Bhimbetka Rock Shelters,Prehistoric Site,1958,2.0,4.6,25,No,Monday,Archaeological,Yes,0.07,Afternoon,9.305,Prehistoric Site Archaeological Afternoon,148
Central,Madhya Pradesh,Amarkantak,Narmada Udgam Temple,Temple,1200,1.0,4.4,0,No,Monday,Religious,Yes,0.01,All,8.815000000000001,Temple Religious All,149
Central,Madhya Pradesh,Chitrakoot,Chitrakoot Falls,Waterfall,Unknown,1.5,4.4,0,No,Monday,Nature,Yes,0.1,Morning,8.950000000000001,Waterfall Nature Morning,150
Northern,Himachal Pradesh,Shimla,The Ridge,Scenic Point,Unknown,1.0,4.7,0,Yes,Monday,Recreational,Yes,0.03,Morning,9.445,Scenic Point Recreational Morning,151
Northern,Himachal Pradesh,Manali,Solang Valley,Valley,Unknown,2.0,4.1,0,No,Monday,Adventure,Yes,0.05,Morning,8.274999999999999,Valley Adventure Morning,152
Northern,Himachal Pradesh,dalhousie,Dalai Lama Temple,Temple,1959,1.5,4.7,0,Yes,Monday,Religious,No,0.15,All,9.625,Temple Religious All,153
Northern,Himachal Pradesh,Dalhousie,Khajjiar Lake,Lake,Unknown,1.5,4.5,0,No,Monday,Nature,Yes,0.1,Morning,9.15,Lake Nature Morning,154
Northern,Himachal Pradesh,Spiti Valley,Key Monastery,Monastery,1100,1.0,4.8,0,No,Monday,Religious,Yes,0.025,Morning,9.6375,Monastery Religious Morning,155
Northern,Himachal Pradesh,Kullu,Great Himalayan National Park,National Park,1984,3.0,4.5,50,No,Monday,Wildlife,Yes,0.2,All,9.3,National Park Wildlife All,156
Northern,Himachal Pradesh,Chamba,Chamera Lake,Lake,Unknown,2.0,4.4,0,No,Monday,Recreational,Yes,0.01,Morning,8.815000000000001,Lake Recreational Morning,157
Northern,Himachal Pradesh,Kinnaur,Sangla Valley,Valley,Unknown,2.0,4.5,0,No,Monday,Nature,Yes,0.01,Morning,9.015,Valley Nature Morning,158
Northern,Himachal Pradesh,Kangra,Kangra Fort,Fort,400,2.0,4.4,150,Yes,Monday,Historical,Yes,0.1,All,8.950000000000001,Fort Historical All,159
Northern,Himachal Pradesh,Palampur,Tea Gardens,Tea Plantation,1950,1.5,4.6,0,Yes,Monday,Agricultural,Yes,0.015,Morning,9.2225,Tea Plantation Agricultural Morning,160
Northern,Himachal Pradesh,Mandi,Prashar Lake,Lake,1400,1.5,4.6,0,No,Monday,Nature,Yes,0.01,Morning,9.215,Lake Nature Morning,161
Northern,Himachal Pradesh,Bir Billing,Paragliding Site,Adventure Sport,2005,2.0,4.8,2500,No,Monday,Adventure,Yes,0.01,All,9.615,Adventure Sport Adventure All,162
Northern,Himachal Pradesh,McLeod Ganj,Triund Trek,Trekking,Unknown,5.0,4.8,0,Yes,Monday,Adventure,Yes,0.01,Morning,9.615,Trekking Adventure Morning,163
Northern,Himachal Pradesh,Manikaran,Manikaran Sahib,Gurudwara,1980,1.0,4.6,0,No,Monday,Religious,Yes,1.3,Morning,11.149999999999999,Gurudwara Religious Morning,164
Northern,Himachal Pradesh,Narkanda,Hatu Peak,Viewpoint,Unknown,2.0,4.5,0,Yes,Monday,Nature,Yes,1.1,All,10.65,Viewpoint Nature All,165
Northern,Himachal Pradesh,Barot,Barot Valley,Valley,Unknown,2.0,4.7,0,No,Monday,Nature,Yes,1.2,Morning,11.2,Valley Nature Morning,166
Northern,Himachal Pradesh,Shoja,Serolsar Lake,Lake,Unknown,2.5,4.4,0,No,Monday,Nature,Yes,0.9,Morning,10.15,Lake Nature Morning,167
Northern,Himachal Pradesh,Kufri,Kufri Fun World,Ski Resort,1975,5.0,3.8,1500,Yes,Monday,Recreational,Yes,0.1,All,7.75,Ski Resort Recreational All,168
Northern,Uttarakhand,Nainital,Naini Lake,Lake,Unknown,1.5,4.2,0,Yes,Monday,Nature,Yes,0.01,Morning,8.415000000000001,Lake Nature Morning,169
Northern,Uttarakhand,Rishikesh,Laxman Jhula,Suspension Bridge,1939,1.0,4.4,0,Yes,Monday,Cultural,Yes,0.03,Morning,8.845,Suspension Bridge Cultural Morning,170
Northern,Uttarakhand,Haridwar,Har Ki Pauri,Ghat,Unknown,1.0,4.5,0,Yes,Monday,Religious,Yes,0.025,All,9.0375,Ghat Religious All,171
Northern,Uttarakhand,Dehradun,Robber's Cave,Cave,Unknown,1.5,4.5,25,Yes,Monday,Nature,Yes,0.01,Morning,9.015,Cave Nature Morning,172
Northern,Uttarakhand,Mussoorie,Kempty Falls,Waterfall,Unknown,1.5,4.2,15,Yes,Monday,Nature,Yes,0.55,Morning,9.225,Waterfall Nature Morning,173
Northern,Uttarakhand,Auli,Auli Ski Resort,Ski Resort,1990,3.0,4.5,0,No,Monday,Adventure,Yes,0.01,Morning,9.015,Ski Resort Adventure Morning,174
Northern,Uttarakhand,Badrinath,Badrinath Temple,Temple,-820,1.0,4.8,0,No,Monday,Religious,No,0.29,All,10.035,Temple Religious All,175
Northern,Uttarakhand,Almora,Binsar Wildlife Sanctuary,Wildlife Sanctuary,1988,2.0,4.3,150,No,Monday,Wildlife,Yes,0.01,All,8.615,Wildlife Sanctuary Wildlife All,176
Northern,Uttarakhand,Ranikhet,Chaubatia Gardens,Orchard,1868,1.0,4.0,50,No,Monday,Recreational,Yes,0.025,All,8.0375,Orchard Recreational All,177
Northern,Uttarakhand,Jim Corbett,Jim Corbett National Park,National Park,1936,3.0,4.4,100,Yes,Monday,Wildlife,Yes,0.3,All,9.25,National Park Wildlife All,178
Northern,Uttarakhand,Uttarkashi,Gangotri Temple,Temple,1751,1.0,4.8,0,No,Monday,Religious,No,0.05,All,9.674999999999999,Temple Religious All,179
Northern,Uttarakhand,Chopta,Tungnath Temple,Temple,751,2.0,4.8,0,No,Monday,Religious,No,0.09,All,9.735,Temple Religious All,180
Northern,Uttarakhand,Joshimath,Valley of Flowers,National Park,1982,5.0,4.7,150,No,Monday,Nature,Yes,0.035,Morning,9.4525,National Park Nature Morning,181
Central,Uttar Pradesh,Agra,Taj Mahal,Mausoleum,1632,2.0,4.6,50,Yes,Friday,Historical,Yes,2.25,Morning,12.575,Mausoleum Historical Morning,182
Central,Uttar Pradesh,Varanasi,Kashi Vishwanath Temple,Temple,Unknown,1.0,4.7,0,Yes,Monday,Religious,No,0.9,All,10.75,Temple Religious All,183
Central,Uttar Pradesh,Lucknow,Bara Imambara,Monument,1784,1.5,4.4,50,Yes,Monday,Historical,No,0.45,All,9.475000000000001,Monument Historical All,184
Central,Uttar Pradesh,Mathura,Krishna Janmabhoomi,Temple,Unknown,1.0,4.7,0,Yes,Monday,Religious,No,0.13,All,9.595,Temple Religious All,185
Central,Uttar Pradesh,Ayodhya,Ram Janmabhoomi,Religious Site,Unknown,1.0,4.8,0,Yes,Monday,Religious,No,0.025,All,9.6375,Religious Site Religious All,186
Central,Uttar Pradesh,Vrindavan,Banke Bihari Temple,Temple,1864,1.0,4.8,0,Yes,Monday,Religious,No,0.37,All,10.155,Temple Religious All,187
Central,Uttar Pradesh,Allahabad,Triveni Sangam,Confluence,Unknown,1.0,4.5,0,Yes,Monday,Religious,Yes,0.09,Morning,9.135,Confluence Religious Morning,188
Central,Uttar Pradesh,Jhansi,Jhansi Fort,Fort,1613,1.5,4.4,15,Yes,Monday,Historical,Yes,0.25,All,9.175,Fort Historical All,189
Central,Uttar Pradesh,Sarnath,Dhamek Stupa,Monument,-500,1.0,4.6,5,Yes,Monday,Historical,Yes,0.065,All,9.2975,Monument Historical All,190
Central,Uttar Pradesh,Fatehpur Sikri,Buland Darwaza,Monument,1571,2.0,4.4,40,Yes,Monday,Historical,Yes,0.07,Afternoon,8.905000000000001,Monument Historical Afternoon,191
Central,Uttar Pradesh,Noida,Okhla Bird Sanctuary,Bird Sanctuary,1990,1.5,4.3,30,Yes,Monday,Wildlife,Yes,0.035,All,8.6525,Bird Sanctuary Wildlife All,192
Central,Uttar Pradesh,Aligarh,Aligarh Fort,Fort,1524,1.0,4.1,20,Yes,Monday,Historical,Yes,0.0165,Afternoon,8.224749999999998,Fort Historical Afternoon,193
Central,Uttar Pradesh,Meerut,Augarnath Temple,Temple,Unknown,1.0,4.8,0,Yes,Monday,Religious,No,0.045,All,9.6675,Temple Religious All,194
Central,Uttar Pradesh,Kanpur,Allen Forest Zoo,Zoo,1971,2.0,4.2,150,Yes,Monday,Wildlife,Yes,0.21,All,8.715,Zoo Wildlife All,195
Northern,Jammu and Kashmir,Srinagar,Dal Lake,Lake,Unknown,2.0,4.6,0,Yes,Monday,Nature,Yes,0.15,Morning,9.424999999999999,Lake Nature Morning,196
Northern,Ladakh,Leh,Pangong Tso,Lake,Unknown,2.0,4.9,20,Yes,Monday,Nature,Yes,0.15,Morning,10.025,Lake Nature Morning,197
Northern,Jammu and Kashmir,Pahalgam,Betaab Valley,Valley,Unknown,2.0,4.6,100,No,Monday,Nature,Yes,0.11,All,9.364999999999998,Valley Nature All,198
Northern,Jammu and Kashmir,Jammu,Vaishno Devi,Temple,Unknown,5.0,4.7,0,Yes,Monday,Religious,No,0.55,All,10.225,Temple Religious All,199
Northern,Jammu and Kashmir,Udhampur,Patnitop Height,Hill,Unknown,2.0,4.1,0,No,Monday,Recreational,Yes,0.01,All,8.215,Hill Recreational All,200
Northern,Jammu and Kashmir,Anantnag,Amarnath Cave,Temple,Unknown,6.0,4.5,0,No,Monday,Religious,Yes,0.11,All,9.165,Temple Religious All,201
Northern,Ladakh,Leh,Thiksey Monastery,Monastery,1430,1.5,4.7,20,Yes,Monday,Religious,No,0.05,All,9.475,Monastery Religious All,202
Northern,Ladakh,Nubra Valley,Nubra Valley,Valley,Unknown,2.0,4.5,0,No,Monday,Nature,Yes,0.1,All,9.15,Valley Nature All,203
Northern,Ladakh,Kargil,Kargil War Memorial,War Memorial,24,1.0,4.8,0,No,Monday,Historical,Yes,0.011,All,9.6165,War Memorial Historical All,204
Northern,Ladakh,Diskit,Diskit Monastery,Monastery,1351,1.0,4.7,20,No,Monday,Religious,No,0.015,Morning,9.422500000000001,Monastery Religious Morning,205
Northern,Jammu and Kashmir,Kishtwar,Kishtwar National Park,National Park,1981,3.0,4.3,100,No,Monday,Wildlife,Yes,0.01,All,8.615,National Park Wildlife All,206
Northern,Ladakh,Hemis,Hemis National Park,National Park,1981,4.0,4.4,20,No,Monday,Wildlife,Yes,0.02,All,8.83,National Park Wildlife All,207
Northern,Ladakh,Dras,Dras War Memorial,War Memorial,Unknown,1.0,4.8,0,No,Monday,Historical,Yes,0.012,All,9.618,War Memorial Historical All,208
Northern,Ladakh,Leh,Magnetic Hill,Gravity Hill,Unknown,0.5,3.7,0,Yes,Monday,Nature,Yes,0.1,All,7.550000000000001,Gravity Hill Nature All,209
Northern,Ladakh,Leh,Khardung La Pass,Hill,Unknown,1.0,4.5,0,Yes,Monday,Adventure,Yes,0.05,Afternoon,9.075,Hill Adventure Afternoon,210
Northern,Ladakh,Leh,Thiksey Monastery,Monastery,1430,1.5,4.7,30,Yes,Monday,Religious,No,0.05,All,9.475,Monastery Religious All,211
Central,Uttar Pradesh,Vrindavan,Prem Mandir,Temple,2012,1.5,4.8,0,Yes,Monday,Religious,Yes,0.49,Evening,10.334999999999999,Temple Religious Evening,212
Central,Uttar Pradesh,Porbandar,Kirti Mandir,Memorial,1950,1.0,4.8,0,Yes,Monday,Historical,Yes,0.03,Morning,9.645,Memorial Historical Morning,213
Central,Uttar Pradesh,Mathura,Nand Gaon,Village,Unknown,1.0,4.1,0,Yes,Monday,Cultural,Yes,0.01,Morning,8.215,Village Cultural Morning,214
Central,Uttar Pradesh,Mathura,Barsana Mandir,Temple,Unknown,1.0,4.8,0,Yes,Monday,Religious,Yes,0.1,Morning,9.75,Temple Religious Morning,215
Eastern,West Bengal,Darjeeling,Tiger Hill,Sunrise Point,Unknown,1.0,4.5,0,No,Monday,Nature,Yes,0.025,All,9.0375,Sunrise Point Nature All,216
Eastern,West Bengal,Siliguri,Jaldapara National Park,Wildlife Sanctuary,1941,3.0,4.4,250,Yes,Monday,Wildlife,Yes,0.035,All,8.852500000000001,Wildlife Sanctuary Wildlife All,217
Eastern,West Bengal,Sundarbans,Sundarbans National Park,National Park,1984,4.0,4.4,60,No,Monday,Wildlife,Yes,0.065,All,8.8975,National Park Wildlife All,218
Eastern,West Bengal,Digha,Digha Beach,Beach,Unknown,1.5,4.5,0,No,Monday,Recreational,Yes,0.09,Morning,9.135,Beach Recreational Morning,219
Eastern,West Bengal,Murshidabad,Hazarduari Palace,Palace,1837,1.5,4.5,10,Yes,Friday,Historical,Yes,0.18,Morning,9.27,Palace Historical Morning,220
Eastern,West Bengal,Bolpur,Kankalitala Temple,Temple,Unknown,0.5,4.7,0,Yes,Monday,Religious,No,0.045,All,9.467500000000001,Temple Religious All,221
Eastern,West Bengal,Hooghly,Hangseswari Temple,Temple,1814,0.5,4.6,0,Yes,Monday,Architectural,No,0.07,All,9.305,Temple Architectural All,222
Eastern,West Bengal,Jalpaiguri,Gorumara National Park,National Park,1949,3.0,4.4,100,Yes,Monday,Wildlife,Yes,0.07,All,8.905000000000001,National Park Wildlife All,223
Eastern,West Bengal,Cooch Behar,Cooch Behar Palace,Palace,1887,1.0,4.5,20,Yes,Friday,Historical,Yes,0.09,All,9.135,Palace Historical All,224
Eastern,West Bengal,Purulia,Ayodhya Hills,Hill,Unknown,2.5,4.5,0,No,Monday,Nature,Yes,0.15,All,9.225,Hill Nature All,225
Eastern,Odisha,Puri,Jagannath Temple,Temple,12th century,2.0,4.7,0,Yes,Monday,Religious,No,1.0,All,10.9,Temple Religious All,226
Eastern,Odisha,Konark,Sun Temple,Temple,1250,1.5,4.7,40,Yes,Monday,Historical,Yes,0.83,All,10.645,Temple Historical All,227
Eastern,Odisha,Bhubaneswar,Lingaraj Temple,Temple,11th century,1.0,4.6,0,Yes,Monday,Religious,No,0.35,All,9.725,Temple Religious All,228
Eastern,Odisha,Rourkela,Khandadhar Waterfall,Waterfall,Unknown,1.5,4.5,0,No,Monday,Nature,Yes,1.2,All,10.8,Waterfall Nature All,229
Eastern,Odisha,Cuttack,Barabati Fort,Fort,-987,1.0,4.5,0,Yes,Monday,Historical,Yes,0.13,All,9.195,Fort Historical All,230
Eastern,Odisha,Sambalpur,Hirakud Dam,Dam,1957,1.0,4.5,0,No,Monday,Engineering Marvel,Yes,0.01,All,9.015,Dam Engineering Marvel All,231
Eastern,Odisha,Chilika,Chilika Lake,Lake,Unknown,2.0,3.9,0,Yes,Monday,Nature,Yes,0.1,Morning,7.95,Lake Nature Morning,232
Eastern,Odisha,Berhampur,Tara Tarini Temple,Temple,Ancient,1.0,4.6,0,Yes,Monday,Religious,No,0.01,All,9.215,Temple Religious All,233
Eastern,Odisha,Keonjhar,Badaghagara Waterfall,Waterfall,Unknown,1.0,4.3,0,No,Monday,Nature,Yes,0.018,Morning,8.626999999999999,Waterfall Nature Morning,234
Eastern,Odisha,Balasore,Chandipur Beach,Beach,Unknown,1.5,4.2,0,Yes,Monday,Recreational,Yes,0.014,Morning,8.421000000000001,Beach Recreational Morning,235
Eastern,Odisha,Kendujhar,Sanaghagara Waterfall,Waterfall,Unknown,1.0,4.4,0,No,Monday,Nature,Yes,0.055,All,8.8825,Waterfall Nature All,236
Southern,Tamil Nadu,Chennai,Marina Beach,Beach,Unknown,1.5,3.9,0,Yes,Monday,Recreational,Yes,0.1,Morning,7.95,Beach Recreational Morning,237
Southern,Tamil Nadu,Madurai,Meenakshi Amman Temple,Temple,6th century AD,2.0,4.7,0,Yes,Monday,Religious,No,0.65,All,10.375,Temple Religious All,238
Southern,Tamil Nadu,Rameswaram,Ramanathaswamy Temple,Temple,12th century,1.5,4.6,0,No,Monday,Religious,No,0.01,All,9.215,Temple Religious All,239
Southern,Tamil Nadu,Kanyakumari,Vivekananda Rock Memorial,Memorial,1970,1.0,4.6,20,Yes,Monday,Historical,No,0.47,Morning,9.905,Memorial Historical Morning,240
Southern,Tamil Nadu,Ooty,Ooty Lake,Lake,1824,1.0,4.1,10,Yes,Monday,Recreational,Yes,0.61,Morning,9.114999999999998,Lake Recreational Morning,241
Southern,Tamil Nadu,Coimbatore,Marudamalai Temple,Temple,12th century,1.0,4.7,0,Yes,Monday,Religious,No,0.3,All,9.85,Temple Religious All,242
Southern,Tamil Nadu,Kodaikanal,Kodaikanal Lake,Lake,1863,2.0,3.9,0,No,Monday,Recreational,Yes,0.1,Morning,7.95,Lake Recreational Morning,243
Southern,Tamil Nadu,Thanjavur,Brihadeeswarar Temple,Temple,110,1.5,4.8,0,Yes,Monday,Religious,No,0.35,All,10.125,Temple Religious All,244
Southern,Tamil Nadu,Mahabalipuram,Shore Temple,Temple,7th century,1.0,4.6,40,Yes,Monday,Historical,No,0.09,All,9.334999999999999,Temple Historical All,245
Southern,Tamil Nadu,Yercaud,Yercaud Lake,Lake,Unknown,1.0,4.2,0,No,Monday,Recreational,Yes,0.019,Morning,8.4285,Lake Recreational Morning,246
Southern,Tamil Nadu,Tirunelveli,Nellaiappar Temple,Temple,7th century,1.0,4.6,0,Yes,Monday,Religious,No,0.16,All,9.44,Temple Religious All,247
Southern,Tamil Nadu,Chidambaram,Nataraja Temple,Temple,10th century,1.0,4.7,0,Yes,Monday,Religious,No,0.28,All,9.82,Temple Religious All,248
Southern,Andhra Pradesh,Vijayawada,Kanaka Durga Temple,Temple,Unknown,1.0,4.7,0,Yes,Monday,Religious,No,0.44,All,10.06,Temple Religious All,249
Southern,Andhra Pradesh,Visakhapatnam,Rishikonda Beach,Beach,Unknown,1.5,4.5,0,Yes,Monday,Recreational,Yes,0.39,Morning,9.585,Beach Recreational Morning,250
Southern,Andhra Pradesh,Srisailam,Mallikarjuna Swamy Temple,Temple,14th century,1.0,4.7,0,No,Monday,Religious,No,0.49,All,10.135,Temple Religious All,251
Southern,Andhra Pradesh,Rajahmundry,Papikondalu,Hill,Unknown,2.0,4.3,0,Yes,Monday,Nature,Yes,0.032,All,8.648,Hill Nature All,252
Southern,Andhra Pradesh,Anantapur,Lepakshi,Site,16th century,1.5,4.6,0,No,Monday,Historical,Yes,0.075,All,9.3125,Site Historical All,253
Southern,Andhra Pradesh,Kurnool,Belum Caves,Cave,Unknown,1.5,4.4,65,Yes,Monday,Natural Wonder,Yes,0.11,Afternoon,8.965,Cave Natural Wonder Afternoon,254
Southern,Andhra Pradesh,Amravati,Amaravathi Temple,Temple,Unknown,1.0,4.7,0,Yes,Monday,Religious,No,0.041,All,9.461500000000001,Temple Religious All,255
Southern,Andhra Pradesh,Guntur,Uppalapadu Bird Sanctuary,Bird Sanctuary,Unknown,1.0,4.4,10,Yes,Monday,Wildlife,Yes,0.7,All,9.850000000000001,Bird Sanctuary Wildlife All,256
Southern,Andhra Pradesh,Kadapa,Gandikota Fort,Fort,12th century,1.5,4.5,0,No,Monday,Historical,Yes,0.015,Morning,9.0225,Fort Historical Morning,257
Southern,Andhra Pradesh,Puttaparthi,Prasanthi Nilayam,Spiritual Center,1950,1.0,4.7,0,Yes,Monday,Religious,Yes,0.12,All,9.58,Spiritual Center Religious All,258
Southern,Andhra Pradesh,Vizianagaram,Simhachalam Temple,Temple,198,1.0,4.7,0,Yes,Monday,Religious,No,0.59,All,10.285,Temple Religious All,259
Southern,Andhra Pradesh,Visakhapatnam,Kailasagiri,Hill,Unknown,2.0,4.5,0,Yes,Monday,Recreational,Yes,0.019,All,9.0285,Hill Recreational All,260
Southern,Andhra Pradesh,Visakhapatnam,Submarine Museum,Museum,22,1.0,4.6,40,Yes,Monday,Historical,Yes,0.49,All,9.934999999999999,Museum Historical All,261
Southern,Andhra Pradesh,Visakhapatnam,Borra Caves,Cave,Unknown,2.0,4.5,60,No,Monday,Natural Wonder,Yes,0.31,Afternoon,9.465,Cave Natural Wonder Afternoon,262
Southern,Andhra Pradesh,Visakhapatnam,War Memorial,War Memorial,Unknown,1.0,4.6,0,Yes,Monday,Historical,Yes,0.059,All,9.288499999999999,War Memorial Historical All,263
Southern,Andhra Pradesh,Visakhapatnam,Indira Gandhi Zoological Park,Zoo,1977,2.0,4.1,20,Yes,Monday,Wildlife,Yes,0.25,Afternoon,8.575,Zoo Wildlife Afternoon,264
Southern,Andhra Pradesh,Visakhapatnam,Matsyadarshini Aquarium,Aquarium,Unknown,1.0,3.8,20,Yes,Monday,Recreational,Yes,0.03,All,7.645,Aquarium Recreational All,265
Southern,Andhra Pradesh,Visakhapatnam,Visakha Museum,Museum,1991,1.0,4.3,10,Yes,Monday,Cultural,Yes,0.065,All,8.6975,Museum Cultural All,266
Eastern,Sikkim,Gangtok,Nathula Pass,Hill,Unknown,2.0,4.3,20,Yes,Monday,Historical,Yes,0.15,Afternoon,8.825,Hill Historical Afternoon,267
Eastern,Sikkim,Pelling,Pemayangtse Monastery,Monastery,1705,1.0,4.6,20,No,Monday,Religious,No,0.015,Morning,9.2225,Monastery Religious Morning,268
Eastern,Sikkim,Namchi,Char Dham,Religious Complex,211,2.0,4.7,50,Yes,Monday,Religious,No,0.12,All,9.58,Religious Complex Religious All,269
Eastern,Sikkim,Gangtok,Rumtek Monastery,Monastery,1960s,1.0,4.6,10,Yes,Monday,Religious,No,0.035,Morning,9.2525,Monastery Religious Morning,270
Eastern,Sikkim,Ravangla,Buddha Park,Park,213,1.0,4.8,50,Yes,Monday,Cultural,Yes,0.1,All,9.75,Park Cultural All,271
Eastern,Sikkim,Gangtok,Baba Harbhajan Singh Temple,Temple,1967,1.0,4.7,0,Yes,Monday,Religious,No,0.075,All,9.512500000000001,Temple Religious All,272
Eastern,Sikkim,Gangtok,Tsomgo Lake,Lake,Unknown,2.0,4.5,0,Yes,Monday,Nature,Yes,0.15,Morning,9.225,Lake Nature Morning,273
North Eastern,Assam,Guwahati,Kamakhya Temple,Temple,Unknown,2.0,4.6,0,Yes,Monday,Religious,No,0.21,All,9.514999999999999,Temple Religious All,274
North Eastern,Assam,Kaziranga,Kaziranga National Park,National Park,1905,3.0,4.5,650,No,Monday,Wildlife,No,0.068,Morning,9.102,National Park Wildlife Morning,275
North Eastern,Assam,Guwahati,Umananda Island,Island,Unknown,1.0,4.1,0,Yes,Monday,Nature,Yes,0.01,Morning,8.215,Island Nature Morning,276
North Eastern,Assam,Sivasagar,Sivasagar Sivadol,Temple,1734,1.0,4.7,0,No,Monday,Historical,Yes,0.065,All,9.4975,Temple Historical All,277
North Eastern,Assam,Majuli,Majuli Island,River Island,Unknown,2.0,4.7,0,No,Monday,Cultural,Yes,0.01,Morning,9.415000000000001,River Island Cultural Morning,278
North Eastern,Assam,Manas,Manas National Park,National Park,1990,3.0,4.6,500,No,Monday,Wildlife,Yes,0.19,Morning,9.485,National Park Wildlife Morning,279
North Eastern,Assam,Hajo,Hayagriva Madhava Temple,Temple,Unknown,1.0,4.5,0,No,Monday,Religious,Yes,0.9,All,10.35,Temple Religious All,280
North Eastern,Assam,Guwahati,Pobitora Wildlife Sanctuary,Wildlife Sanctuary,1987,2.0,4.4,500,Yes,Monday,Wildlife,Yes,0.037,All,8.855500000000001,Wildlife Sanctuary Wildlife All,281
North Eastern,Arunachal Pradesh,Tawang,Tawang Monastery,Monastery,1680,2.0,4.7,0,No,Monday,Religious,No,0.032,Morning,9.448,Monastery Religious Morning,282
North Eastern,Tripura,Agartala,Ujjayanta Palace,Palace,1901,1.5,4.5,10,Yes,Monday,Historical,Yes,0.035,All,9.0525,Palace Historical All,283
North Eastern,Tripura,Dumboor,Dumboor Lake,Lake,Unknown,1.0,4.5,0,No,Monday,Nature,Yes,0.01,Morning,9.015,Lake Nature Morning,284
North Eastern,Tripura,Unakoti,Unakoti Rock Carvings,Rock Carvings,700,1.5,4.5,20,No,Monday,Historical,Yes,0.025,Morning,9.0375,Rock Carvings Historical Morning,285
Central,Chhattisgarh,Bastar,Chitrakote Falls,Waterfall,Unknown,1.5,4.6,0,No,Monday,Nature,Yes,0.19,Morning,9.485,Waterfall Nature Morning,286
North Eastern,Nagaland,Dzükou Valley,Dzükou Valley,Valley,Unknown,3.0,4.7,0,No,Monday,Trekking,Yes,0.01,Afternoon,9.415000000000001,Valley Trekking Afternoon,287
Southern,Puducherry,Puducherry,Promenade Beach,Beach,Unknown,1.0,4.5,0,Yes,Monday,Recreational,Yes,0.09,Morning,9.135,Beach Recreational Morning,288
Southern,Puducherry,Auroville,Auroville,Township,1968,2.0,4.1,0,Yes,Monday,Cultural,Yes,0.035,All,8.2525,Township Cultural All,289
Southern,Puducherry,Puducherry,Paradise Beach,Beach,Unknown,1.0,4.5,200,Yes,Monday,Recreational,Yes,0.015,Morning,9.0225,Beach Recreational Morning,290
Southern,Andaman and Nicobar Islands,Port Blair,Cellular Jail,Landmark,1906,1.5,4.7,30,Yes,Monday,Historical,Yes,0.12,Afternoon,9.58,Landmark Historical Afternoon,291
Southern,Andaman and Nicobar Islands,Havelock Island,Radhanagar Beach,Beach,Unknown,1.0,4.8,0,No,Monday,Nature,Yes,0.09,Morning,9.735,Beach Nature Morning,292
Southern,Andaman and Nicobar Islands,Neil Island,Bharatpur Beach,Beach,Unknown,1.0,4.5,0,No,Monday,Nature,Yes,0.04,Morning,9.06,Beach Nature Morning,293
Southern,Andaman and Nicobar Islands,Baratang Island,Limestone Caves,Natural Feature,Unknown,1.5,4.4,250,No,Monday,Nature,Yes,0.015,Morning,8.822500000000002,Natural Feature Nature Morning,294
Western,Daman and Diu,Diu,Naida Caves,Cave,Unknown,1.0,4.5,0,No,Monday,Nature,Yes,0.6,Afternoon,9.9,Cave Nature Afternoon,295
Western,Daman and Diu,Diu,Diu Fort,Fort,1535,1.5,4.6,0,No,Monday,Historical,Yes,1.2,Afternoon,11.0,Fort Historical Afternoon,296
Eastern,Jharkhand,Deoghar,Baba Baidyanath Temple,Temple,Unknown,1.0,4.7,0,Yes,Monday,Religious,Yes,1.8,All,12.100000000000001,Temple Religious All,297
Eastern,Jharkhand,Ranchi,Pahari Mandir,Temple,Unknown,1.0,4.6,0,Yes,Monday,Religious,Yes,0.13,All,9.395,Temple Religious All,298
Eastern,Bihar,Bodh Gaya,Mahabodhi Temple,Temple,-260,1.5,4.7,0,Yes,Monday,Religious,Yes,0.2,All,9.700000000000001,Temple Religious All,299
Eastern,Bihar,Patna,Sanjay Gandhi Biological Park,Zoo,Unknown,2.5,4.3,30,Yes,Monday,Wildlife,Yes,0.5,All,9.35,Zoo Wildlife All,300
Eastern,Bihar,Patna,Takhat Shri Harimandir Ji Patna Sahib,Gurudwara,Unknown,1.0,4.7,0,Yes,Monday,Religious,Yes,0.25,All,9.775,Gurudwara Religious All,301
Eastern,Bihar,Patna,Budhha Smriti Park,Park,Unknown,1.0,4.4,10,Yes,Monday,Cultural,Yes,0.31,All,9.265,Park Cultural All,302
Northern,Haryana,Gurugram,Kingdom of Dreams,Entertainment,2010,3.0,4.4,1100,Yes,Monday,Entertainment,Yes,0.3,Afternoon,9.25,Entertainment Entertainment Afternoon,303
Northern,Haryana,Gurugram,Ambience Mall,Mall,Unknown,2.0,4.6,0,Yes,Monday,Shopping,Yes,1.2,Afternoon,11.0,Mall Shopping Afternoon,304
Northern,Haryana,Gurugram,DLF CyberHub,Commercial Complex,Unknown,2.0,4.7,0,Yes,Monday,Entertainment,Yes,0.71,Afternoon,10.465,Commercial Complex Entertainment Afternoon,305
Northern,Delhi,New Delhi,Gurudwara Bangla Sahib,Gurudwara,Unknown,1.0,4.8,0,Yes,Monday,Religious,Yes,1.05,All,11.175,Gurudwara Religious All,306
Northern,Uttarakhand,Kedarnath,Kedarnath,Temple,Unknown,1.5,4.8,0,No,Monday,Religious,No,2.0,All,12.6,Temple Religious All,307
Central,Uttar Pradesh,Noida,DLF Mall of India,Mall,2016,2.0,4.6,0,Yes,Monday,Shopping,Yes,1.5,All,11.45,Mall Shopping All,308
Central,Uttar Pradesh,Greater Noida,The Grand Venice Mall,Mall,Unknown,2.0,4.2,0,Yes,Monday,Shopping,Yes,0.45,All,9.075000000000001,Mall Shopping All,309
Southern,Karnataka,Bengaluru,Wonderla Amusement Park,Amusement Park,2005,4.0,4.5,890,Yes,Monday,Entertainment,Yes,0.95,All,10.425,Amusement Park Entertainment All,310
Eastern,Odisha,Bhubaneswar,Nandankanan Zoological Park,Zoo,1960,3.0,4.4,50,Yes,Monday,Wildlife,Yes,0.81,Afternoon,10.015,Zoo Wildlife Afternoon,311
Southern,Karnataka,Bengaluru,Orion Mall,Mall,2012,2.0,4.5,0,Yes,Monday,Shopping,Yes,1.8,All,11.7,Mall Shopping All,312
Southern,Telangana,Hyderabad,Inorbit Mall Cyberabad,Mall,2004,2.0,4.5,0,Yes,Monday,Shopping,Yes,1.2,All,10.8,Mall Shopping All,313
Northern,Delhi,New Delhi,Jama Masjid,Mosque,1656,1.0,4.5,0,Yes,Monday,Historical,Yes,0.49,All,9.735,Mosque Historical All,314
Southern,Tamil Nadu,Rameswaram,Ramanathaswamy Temple,Temple,Unknown,1.5,4.7,0,Yes,Monday,Religious,No,0.1,All,9.55,Temple Religious All,315
Central,Uttar Pradesh,Greater Noida,Buddh International Circuit,Race Track,2011,2.0,4.6,1500,Yes,Sunday,Sports,Yes,7.4,All,20.3,Race Track Sports All,316
Central,Uttar Pradesh,Lucknow,Phoenix Palassio,Mall,2020,2.0,4.6,0,Yes,Monday,Shopping,Yes,0.35,All,9.725,Mall Shopping All,317
Southern,Kerala,Kochi,LuLu International Shopping Mall,Mall,2013,3.0,4.6,0,Yes,Monday,Shopping,Yes,1.9,All,12.049999999999999,Mall Shopping All,318
Northern,Delhi,New Delhi,Rail Museum,Museum,1977,2.0,4.4,50,Yes,Monday,Cultural,Yes,0.24,Morning,9.16,Museum Cultural Morning,319
North Eastern,Meghalaya,Cherrapunji,Living Root Bridge,Natural Feature,Unknown,2.0,4.6,0,No,Monday,Nature,Yes,0.06,Morning,9.29,Natural Feature Nature Morning,320
Western,Gujarat,Gandhinagar,Akshardham,Temple,1992,3.0,4.6,0,Yes,Monday,Religious,No,0.18,All,9.469999999999999,Temple Religious All,321
Central,Uttar Pradesh,Agra,Agra Fort,Fort,1565,2.0,4.5,40,Yes,Monday,Historical,Yes,1.3,Afternoon,10.95,Fort Historical Afternoon,322
Central,Madhya Pradesh,Bhopal,Madhya Pradesh Tribal Museum,Museum,2013,2.0,4.7,10,Yes,Monday,Cultural,Yes,0.15,All,9.625,Museum Cultural All,323
Northern,Rajasthan,Jaipur,City Palace,Palace,1727,2.0,4.4,200,Yes,Monday,Historical,Yes,0.51,Morning,9.565000000000001,Palace Historical Morning,324
Northern,Rajasthan,Jaipur,Albert Hall Museum,Museum,1887,2.0,4.5,200,Yes,Monday,Historical,Yes,0.63,All,9.945,Museum Historical All,325
